cluster,age,bmi,diabetes,hypertension,copd,mental_health,visits_per_year,er_visits,admissions,total_cost
0,61.388,28.3248,0.084,0.264,0.932,0.192,1.364,1.688,1.356,12284.98672
1,58.16083916083916,27.657622377622378,1.0,0.16503496503496504,0.005594405594405594,0.0,4.20979020979021,0.593006993006993,0.33426573426573425,6730.234027972028
2,66.2063492063492,28.6037037037037,0.9153439153439153,0.6331569664902998,0.001763668430335097,0.15343915343915343,7.691358024691358,1.1199294532627866,0.5537918871252204,8995.311975308641
3,49.66958808063102,27.790184049079752,0.0,0.0,0.020157756354075372,0.0,2.9193689745836986,0.48729184925503943,0.1971954425942156,2908.376222611744
4,58.757948717948715,27.785641025641027,0.0,1.0,0.005128205128205128,0.0,3.7548717948717947,0.48717948717948717,0.19179487179487179,4536.9079897435895
5,52.23809523809524,28.073881673881676,0.17027417027417027,0.26695526695526695,0.020202020202020204,1.0,3.4357864357864356,0.49783549783549785,0.19480519480519481,4978.292424242424
6,65.71600688468159,27.686919104991397,0.3855421686746988,0.4819277108433735,0.9879518072289156,0.14802065404475043,5.0120481927710845,1.6884681583476764,1.1480206540447504,13654.916196213424
7,50.60760667903525,27.959925788497216,0.0,0.0,0.013914656771799629,0.0,2.995361781076067,0.4972170686456401,0.17161410018552875,2813.31706864564
